<?xml version="1.0" encoding="UTF-8"?>
<extension format="1.0">
	<extension_code>combodo-mail-to-ticket-automation</extension_code>
	<company>Combodo SARL</company>
	<author><![CDATA[Pierre]]></author>
	<label><![CDATA[Mail to ticket automation]]></label>
	<description><![CDATA[Scan several mailboxes to create or update tickets.]]></description>
	<version>3.2.0</version>
	<modules type="array">
		<module>
			<id>combodo-email-synchro</id>
			<version>tags/3.3.0</version>
		</module>
		<module>
			<id>itop-standard-email-synchro</id>
			<version>tags/3.1.3</version>
		</module>
	</modules>
	<release_date>2020-10-27</release_date>
	<version_description><![CDATA[
                * Better error handling when processing email
                * Fix PHP Notice "Undefined variable: index"
                * Add confirmation on action buttons in mailbox content tab
                * New CMDBChange for each message processed
                * Fix history generation on iTop >= 2.7.0
                * Fix undefined $index variable
                * Update DE translations
            ]]></version_description>
	<itop_version_min>2.3.0</itop_version_min>
	<status>stable</status>
	<mandatory>false</mandatory>
	<more_info_url></more_info_url>
</extension>
